source;alias;canonical_name
kickbase;Jan-Niklas Beste;Niklas Beste
kickbase;Lukeba Castello Jr.;Castello Lukeba
kickbase;Chuki;Ivan Cantalejo
ligainsider;Chuki;Ivan Cantalejo
ligainsider;Romulo Cardoso;Rômulo
ligainsider;Julian Chabot;Jeff Chabot
ligainsider;R. Königsdörffer;Ransford Königsdörffer
ligainsider;Imad Rondić;Rondic
ligainsider;Rael Nakuzola;Rael-Tshimbela Nakuzola
ligainsider;Joe Scally;Joseph Scally
ligainsider;A. Amaimouni-Echghouyab;Ayoube Amaimouni
ligainsider;Minjae Kim;Kim Minjae
ligainsider;Johannes Siebeking;Johannes Simon Siebeking
ligainsider;A. Røssing-Lelesiit;Alexander Røssing-Lelesiit
ligainsider;Eren Dinkçi;Eren Sami Dinkçi
ligainsider;Salim Musah;Salim Amani Musah
ligainsider;Albert Millgramm;Albert Frank Millgramm
maik;Imad Rondic;Rondic
maik;Phillipp Mwene;Philipp Mwene
ligainsider;Phillipp Mwene;Philipp Mwene
maik;Rael Nakuzola;Rael-Tshimbela Nakuzola
maik;Equi Fernández;Ezequiél Fernández
ligainsider;Equi Fernandez;Ezequiél Fernández
maik;Joe Scally;Joseph Scally
maik;Otávio Manoel Galdino Fernandes;Otávio
maik;Ayoube Amaimouni-Echghouyab;Ayoube Amaimouni
maik;Min-jae Kim;Kim Minjae
maik;Junior Dina Ebimbe;Éric Dina Ebimbe
ligainsider;Junior Dina Ebimbe;Éric Dina Ebimbe
maik;Ifechukwu Ogbus;Bruno Ogbus
maik;Albert Millgramm;Albert Frank Millgramm
maik;Lukas Petkov;Lukas Emanuel Petkov
ligainsider;Lukas Petkov;Lukas Emanuel Petkov
maik;Eren Dinkçi;Eren Sami Dinkçi
maik;Arthur Augusto de Matos Soares;Arthur
maik;Salim Musah;Salim Amani Musah
